<?xml version="1.0" encoding="UTF-8"?>
<project-private xmlns="http://www.netbeans.org/ns/project-private/1">
    <editor-bookmarks xmlns="http://www.netbeans.org/ns/editor-bookmarks/2" lastBookmarkId="0"/>
    <open-files xmlns="http://www.netbeans.org/ns/projectui-open-files/2">
        <group>
            <file>file:/C:/Users/sujan/OneDrive/Documents/NetBeansProjects/HOSTEL%20MANAGEMENT%20SYSTEM/src/hostel/management/system/login.java</file>
            <file>file:/C:/Users/sujan/OneDrive/Documents/NetBeansProjects/HOSTEL%20MANAGEMENT%20SYSTEM/src/hostel/management/system/HOSTELMANAGEMENTSYSTEM.java</file>
            <file>file:/C:/Users/sujan/OneDrive/Documents/NetBeansProjects/HOSTEL%20MANAGEMENT%20SYSTEM/src/hostel/management/system/ManageRoom.java</file>
            <file>file:/C:/Users/sujan/OneDrive/Documents/NetBeansProjects/HOSTEL%20MANAGEMENT%20SYSTEM/src/hostel/management/system/home.java</file>
            <file>file:/C:/Users/sujan/OneDrive/Documents/NetBeansProjects/HOSTEL%20MANAGEMENT%20SYSTEM/src/hostel/management/system/NewStudent.java</file>
        </group>
    </open-files>
</project-private>
